full_name,email,password,postal_code,number
Caleb Patrick,gsmith@wilkins.com,thunderwolf3,2000,2
Karen Rice,francisco89@yahoo.com,lightsilver29,2200,5
Daniel Day,catherine01@gmail.com,thundersun44,2000,5
Michael Shepherd,alexander42@mcintyre.com,autumnmaple6,2100,5
James Herrera,fsanchez@mcfarland.info,crystalbreeze17,2200,2
Thomas Burke,xscott@hotmail.com,lighteagle585,2100,6
Robert Rojas,wellsjeffery@hotmail.com,maplepinevalley8,2200,3
Donna Dillon,qli@baker.net,wolfrocket204,2100,4
Crystal Galloway,lori92@paul.biz,galaxysilver43,2000,5
Benjamin Garcia,nicole84@willis.com,springriveremberrocket8,2200,6
Ian Hogan,brittanyberry@grant-lamb.biz,sunembertiger53,2100,5
Shelby Norman,theresa89@yahoo.com,summerriverechowolf605,2200,6
Eric George PhD,traceycampbell@gmail.com,stoneforestwavesilver65,2100,2
Katelyn Warner,michaeltaylor@yahoo.com,autumnflameoceaneagle1,2200,2
James Miles,robinsonmatthew@flowers.com,auroracometbreeze5,2000,5
Samantha Aguilar,melindafriedman@gmail.com,winterpinegalaxyrocket0,2200,3
Tamara Martinez,sbailey@mccoy.info,oceanspringmeadow5,2200,1
Kimberly Gray,horneelizabeth@gmail.com,wolfbreezeriver11,2200,2
Jennifer Barron,david18@tran.com,lightoceancedarbreeze3,2200,6
Patricia Wright,janet14@hotmail.com,pinefalcontiger3,2200,3
Scott Gardner,shepherdkevin@santos.biz,oceanwolfcedar81,2100,6
Kara Ramirez,eknapp@coleman.com,silvereagle18,2100,1
Stacey Leon,valeriewilson@yahoo.com,sunauroranova77,2200,4
Briana West,zmoon@gmail.com,falconmaplesilver44,2000,2
Brian Rodriguez,linda02@gonzalez-house.info,oceanshadow2,2100,2
Alexander Mcbride,haynessean@nelson-young.com,silverflame42,2200,2
Lawrence Sullivan,gperkins@yahoo.com,auroracedar73,2200,2
Theresa Ellis,jonessarah@bradley.info,cloudsummer559,2000,3
Kaitlyn Ellis,jessica53@yahoo.com,silvercedar794,2200,3
Jessica Martinez,jessicafernandez@hotmail.com,pineriver11,2100,6
Jeffrey Spence,owallace@gmail.com,cometcedarmountaineagle00,2100,5
Kayla Ferguson,alexis56@hotmail.com,pinewolfvalleytiger735,2200,5
Paul Roberson,vmurphy@watson.com,eaglesunriver564,2100,2
Timothy Walton,morrischeryl@hotmail.com,wolfspring135,2000,5
Alexa Frost,benjamin57@yahoo.com,thunderlight324,2000,2
Christine Crawford,wharris@gmail.com,thunderoceanbreezestorm4,2200,5
Brian Small,clarklisa@gmail.com,tigercedarember010,2100,4
Megan Pennington,kimberly09@kennedy.com,cometflamelight0,2200,6
Nancy Glover,sharonbutler@warner-shepherd.org,mountainriverautumnwinter53,2200,6
Amanda Potts,austin23@hughes.com,oceanmountainstormforest8,2000,4
Daniel Meyer,nancyanderson@weber.com,rocketflamewolf0,2100,4
Andres Tran,harryjohnson@sherman.org,silvertigereagle5,2000,2
Benjamin Hernandez,norrispatrick@hotmail.com,novafalconpine06,2100,6
Brandon Johnson,latoyahurst@hotmail.com,valleyeagle9,2000,6
Patricia Chan,morganderek@jones-hughes.com,valleyeagle10,2100,1
Jacob Brennan,brenda51@cox.com,waveechobreezesilver1,2100,2
Rhonda Stewart,gschmidt@adams.biz,pineoceancedar001,2200,2
Gordon Martin,penajon@hotmail.com,silvershadow75,2100,2
Connor Mendoza,ramirezharold@hicks.biz,wolfriveroceanvalley211,2200,3
Bruce Weaver,rmoore@yahoo.com,wolfsummermountaincrystal1,2100,1
Angela Byrd,bryanhill@gmail.com,flamecrystalemberwave3,2100,2
Nathan Randall,allengregory@cortez.net,mountainstone66,2200,1
Roger Lee,theodoreortiz@hotmail.com,crystaleaglesunstorm615,2000,6
Gregory Mata,nwhite@hotmail.com,waveeaglesun449,2200,4
Samantha Sosa,hardykristin@zhang-washington.biz,valleythunder748,2200,3
Courtney Reed,mckinneymiguel@hotmail.com,eaglecedarwinterstorm4,2200,6
Austin Vaughn,danielbullock@sanders.com,flameautumn19,2000,1
Samantha Zamora,icarr@meadows.com,thunderrocket28,2000,6
Cynthia Smith,fsanders@carr.com,lightembershadowwinter736,2100,1
Brittney Beasley,changdaniel@yahoo.com,oceanforest511,2200,6
Michelle Barnes,sortiz@yahoo.com,lightstorm8,2000,4
Mrs. Katherine Snyder,crystalwright@gonzales-cook.com,stormauroraeaglepine9,2200,6
David Trevino,nunezmichael@yahoo.com,cloudpinecomet173,2200,5
Timothy Larsen,rwood@avila-ruiz.com,maplespringgalaxy84,2100,6
Daniel Hahn,kingjennifer@hotmail.com,flamecedarthunderpine55,2200,4
Sue Dorsey,mhardy@yahoo.com,cometstormauroraeagle14,2000,2
Elizabeth Hebert,dturner@gmail.com,lightmeadowaurorawinter67,2100,4
Nicole Walker,ruizstephanie@smith.biz,novasummer7,2000,2
Matthew Williams,debramccoy@hotmail.com,tigerwolfcloudcrystal523,2200,5
Anthony Willis,nathanjones@hotmail.com,pineechocomet078,2100,5
Amy Snow,ayersjeffery@parker.org,flamewave184,2200,6
Amy Cooper,fcrawford@hotmail.com,sunstoneautumn62,2100,6
Erin Hughes,kbell@yahoo.com,stormechofalcon27,2200,6
Jasmine Johnson,ncamacho@yahoo.com,crystalechotiger52,2200,1
Shannon Barrett,huangjack@rodriguez.info,cometeaglevalley9,2200,2
Reginald Scott,navarrojerome@mcbride.com,waveoceanrocket972,2200,5
Mary Wilson,nathanielnichols@jacobs.info,oceancometcloud62,2000,1
Lisa Phillips,kelliehartman@gmail.com,echomountain91,2100,5
Krista Ryan,ihaynes@alvarez.com,cedarcloudcomet8,2000,5
Joseph Galvan,sherry26@yahoo.com,falconstormmeadowcedar0,2200,6
Daniel Lawson,kathryndunn@gmail.com,falconmaplespring189,2100,5
Michael Simmons,ssmith@yahoo.com,oceancloud32,2200,3
James Carlson,kellybarrett@yahoo.com,autumnaurorastormvalley7,2200,5
Brendan Moss,whitecassandra@yahoo.com,falconriverlight58,2100,5
Lauren Reynolds,kimberly29@lester.biz,autumnriverwolf23,2100,2
Sherri King,kellercorey@hotmail.com,valleyspring55,2200,1
Larry Perez,darlene26@mckinney.com,emberwintermeadowocean1,2100,3
Rebecca Santiago,taylorphillips@davis.com,cometcrystal738,2200,1
Christopher Long,deanyoder@davidson-gill.com,wolfriverstorm4,2000,2
Caitlin Turner,shannonhudson@hotmail.com,tigerfalconecho04,2200,3
Linda Fuentes,evanscaroline@yahoo.com,autumnechomountain2,2200,1
Russell Howard,parkerandrea@wood.biz,falconautumnpinebreeze81,2100,2
Gina Gray,xperry@carroll.com,lightembertiger4,2100,3
Mark Johnson,rramirez@gmail.com,emberwintertigermeadow92,2000,1
Samuel Taylor,hartjacqueline@hotmail.com,embersunwinter06,2200,5
Joe Meyer,qramirez@morrison.biz,shadowautumnwintergalaxy39,2100,5
Molly Little,tbrowning@santiago-ramos.com,galaxycrystalwave912,2200,5
Deborah Bailey,adkinsphyllis@thomas.com,eaglecloudstone17,2000,3
Matthew Davidson,grantjanet@frey.net,breezetigerechoriver7,2000,6
Robert Clark,jeffery46@schroeder.com,springriver49,2200,1
Jacqueline Davis,haley47@yahoo.com,lightwolfriversun927,2200,6
Lisa Garza,watsondoris@hotmail.com,cloudsummerautumn55,2200,1
Margaret Jimenez,michelle45@gmail.com,forestgalaxyemberflame42,2100,2
Nicholas Long,aprilwilliams@yahoo.com,eaglecedarcloudgalaxy75,2000,6
Charlene White,lbenson@hotmail.com,novacrystalcedar425,2100,3
Andrew Tucker,dunnjustin@rivera.com,riverecho63,2100,6
Scott Robles,davidsanchez@thomas.org,embernova823,2200,2
Matthew Walker,maureen47@hicks-garcia.com,foreststoneember4,2100,4
Hannah Scott,amoore@thomas-chapman.com,cloudwinterecho391,2000,3
Dustin Green,nmccormick@juarez-daniel.org,waveaurorasilverwinter56,2200,2
Joseph Roberts,gregoryallen@martin.com,falconsummer9,2000,1
Barbara Lin,swalker@higgins.net,cometfalcon8,2000,6
Rachel Williams,patriciaross@hill.com,springcedar99,2200,5
Eric Wright,travis27@yahoo.com,meadowembercedar2,2200,2
Megan Brown,xdavila@cannon.com,breezewolfshadow4,2000,2
David Andrews,samuelparks@yahoo.com,aurorafalcon86,2100,5
Matthew Martinez,mdrake@weiss-rice.org,meadowoceaneaglelight87,2200,1
William Rojas,jessica68@lee.com,valleymountainforestecho722,2000,5
Katie Jones,isimmons@gmail.com,rocketforest2,2000,3
Carol Chavez,rachel90@fisher.com,tigereagleriver4,2000,3
Stephen Ingram,benjaminking@yahoo.com,wolfvalleywave58,2200,4
Stephanie Ortiz,kellydave@gonzalez.org,stormaurorastone58,2100,5
Tonya Martinez,hrichardson@nguyen.info,lightthundernovariver33,2000,2
Calvin Turner,maria21@gmail.com,auroraember683,2000,1
Jennifer Anderson,vasquezjennifer@hunter.com,stoneeagle45,2100,2
Donna Thompson,samanthawilliams@stanley.biz,summerstormspringforest5,2200,2
Isabella Murray,debra80@hotmail.com,waveocean12,2200,1
Dylan Wilson,miguelrangel@gmail.com,falconeaglecrystal73,2100,3
Steven Morris,harrisjeremy@gmail.com,riverstoneechosilver651,2200,6
Jose Merritt,barrettbrittany@reeves.biz,waveautumnshadowaurora07,2200,3
Leslie Bowers,jeremiah42@morton.com,rivervalleywinter51,2100,6
Mrs. Laura West MD,cindyfernandez@yahoo.com,autumnrocketfalconwolf198,2000,6
Dustin Lewis,james06@gmail.com,rivereaglecometnova932,2200,6
Noah Young,yscott@gmail.com,valleywintermeadow601,2200,1
Edwin Deleon,huberjonathan@boone.com,stormwolffalconcomet30,2100,2
Jennifer Bennett,ymacias@poole-thompson.com,breezeautumn37,2100,1
James Nichols,alejandro90@gmail.com,wolflight049,2200,1
Colleen Garcia,halljennifer@yahoo.com,springemberstonemountain91,2100,6
Cheryl Perry,franciscosmith@gmail.com,galaxycloudpine313,2100,2
Christine Pitts,zlewis@phillips.org,lightautumncedarmaple31,2000,5
Bailey Gordon,kellyobrien@davis.com,mapleocean76,2200,2
Darlene Murphy,hoffmanandrew@hotmail.com,cloudbreezeforestpine352,2100,5
Leslie Anderson,jacquelinewright@ramirez.com,cloudfalconeagle5,2200,6
Todd Soto,imartinez@anderson.com,tigerfalconcloud135,2200,6
Donna Hawkins,vcurry@sanders.com,summermeadow3,2100,5
Luke Sellers,smithsandra@peterson.com,aurorawinterechoflame304,2100,3
Brooke Smith,jrobbins@yahoo.com,emberspring560,2100,1
Sean Martinez,mcmillanamy@caldwell.com,cometoceanautumnbreeze11,2000,2
Savannah Parker,huertagabrielle@nguyen-livingston.com,silverstone92,2200,6
Alex Banks,woodmike@griffith.com,stonespring39,2000,5
John Schultz,heather07@jones.com,springeagle723,2100,4
Logan Coleman,james28@hotmail.com,summerrocketpine34,2200,1
Alicia Haynes,michelle62@herrera.biz,valleymeadow198,2200,2
Gary Church,sheila67@cannon-fernandez.biz,summercrystal19,2000,2
Shane Mckay,jamie32@leblanc.com,forestwolf876,2200,4
Jose Holloway,alvarezelizabeth@hayes-finley.com,wavewolfshadow32,2000,2
Daniel Petty,alexis51@cantrell.com,lightechocedarpine894,2000,4
Brittany Dunn,krojas@barker-harding.net,tigershadowsilverwolf9,2100,2
James Allen,andrecain@morrow.info,maplevalleycomet6,2000,1
Jesse Shaw,taylordustin@martinez.info,rivercrystalstorm4,2100,4
Jonathan Jimenez,gilbertjose@parker-cole.com,silvergalaxypine8,2100,6
Richard Alexander,paige39@hotmail.com,valleyriver941,2100,4
Timothy Taylor,ryan83@baker.com,foresteagleember1,2000,3
Kayla Evans,kara63@johnson-bird.com,springriverstone25,2200,2
Robert Bryant,kelsey38@gmail.com,oceanstonebreeze68,2100,3
Elizabeth Pearson,shane52@malone.com,crystalwinter3,2000,5
Kiara Bennett,joycefrances@williams.org,thundermeadowecho14,2200,2
Ryan Douglas,kaylasmith@gmail.com,silverthundershadowfalcon62,2000,5
Sarah Cobb,hcordova@brown.com,pinethundersunwinter712,2200,3
Tyler Smith,tinacole@davidson-hart.com,cloudwolfbreezewave219,2000,4
Betty Williams,scott86@lewis.com,tigersummereagle3,2100,5
Heather Howard,granteric@hotmail.com,lightwintercometmaple92,2200,5
Jill Salazar,diana55@hotmail.com,galaxycometfalcon67,2000,5
Mary Brown,loribrown@clark.org,embercrystal042,2100,5
Lee Gutierrez,christopherharper@james-valdez.com,shadowfalconecho847,2200,5
Katherine Taylor,edwardsolivia@yahoo.com,flameoceanstorm417,2100,3
Melissa Rice,amymcconnell@martinez.com,wolfmountainforestwave20,2200,4
Lisa Garrison,henrycastaneda@young-parsons.com,thunderwavecomet0,2000,3
Terri Hernandez,moralesharold@davis.info,meadowocean48,2000,3
Jessica Jones,bsteele@bauer-thomas.com,maplestone66,2000,6
Kathryn Ruiz,carolynbishop@hamilton.com,shadowmountainspring57,2200,5
Andrew Reynolds,morganhooper@davis-jackson.com,echolightrocket2,2000,6
Sarah Arnold,greed@smith.org,stormwave407,2200,4
Christopher Romero,lindseypotter@webster.com,riverocean47,2200,4
James Sutton,cdennis@hickman.com,echomeadowvalley507,2000,5
Sarah Brown,vwashington@brock.com,stonerocketcomet3,2000,4
Kayla Hogan,russelljustin@yahoo.com,stoneautumnfalconvalley45,2100,3
Kimberly Jacobs,jeanmills@wood-allison.net,silverstonelight279,2000,5
Kimberly Garcia,alancruz@gmail.com,tigerechoaurorawave9,2200,4
Anthony Simpson,raymondyoung@hotmail.com,echocedar69,2100,2
Haley Vargas,johnnixon@yahoo.com,falcongalaxy3,2000,2
Mrs. Holly Martinez,marktorres@yahoo.com,cometpine849,2200,3
John Berry,josephjackson@wallace.info,stormwolfstone1,2200,1
Michael Newton,ygillespie@lopez.com,rocketgalaxy514,2100,4
Katie Fisher,joshuagreen@gmail.com,oceanspring1,2000,6
Sandra Perry,zmcgrath@gmail.com,falconsilverpine659,2200,1
Nina Blake,rebecca74@hotmail.com,waveechomountainstone059,2100,1
Mrs. Sherry White,kbarnes@frank.com,breezevalleyflameecho0,2200,1
Timothy Benson,sarah75@gmail.com,cloudnovapine667,2100,6
Amy Williams,joshuasimpson@yahoo.com,auroraeaglepine304,2100,2
